{
    "block0": {
        "head": {
            "previousBlockHash": "",
            "version": 1,
            "mrkleRoot": "mrkrtb0",
            "timestamp": "20240729112",
            "none": 1000,
            "difficulty": 30,
            "count": 0
        },
        "body": {}
    },
    "block1": {
        "head": {
            "previousBlockHash": "block0",
            "version": 1,
            "mrkleRoot": "mrkrtb1",
            "timestamp": "20240729112711650",
            "none": 1000,
            "difficulty": 30,
            "count": 0
        },
        "body": {}
    },
    "block2": {
        "head": {
            "previousBlockHash": "block1",
            "version": 1,
            "mrkleRoot": "mrkrtb2",
            "timestamp": "20240729112717602",
            "none": 1000,
            "difficulty": 30,
            "count": 0
        },
        "body": {}
    },
    "block3": {
        "head": {
            "previousBlockHash": "block2",
            "version": 1,
            "mrkleRoot": "mrkrtb3",
            "timestamp": "20240729112723389",
            "none": 1000,
            "difficulty": 30,
            "count": 0
        },
        "body": {}
    },
    "block4": {
        "head": {
            "previousBlockHash": "block3",
            "version": 1,
            "mrkleRoot": "mrkrtb4",
            "timestamp": "20240729112729313",
            "none": 1000,
            "difficulty": 30,
            "count": 0
        },
        "body": {}
    },
    "block5": {
        "head": {
            "previousBlockHash": "block4",
            "version": 1,
            "mrkleRoot": "mrkrtb5",
            "timestamp": "20240729112735120",
            "none": 1000,
            "difficulty": 30,
            "count": 0
        },
        "body": {}
    },
    "block6": {
        "head": {
            "previousBlockHash": "block5",
            "version": 1,
            "mrkleRoot": "mrkrtb6",
            "timestamp": "20240729112740846",
            "none": 1000,
            "difficulty": 30,
            "count": 0
        },
        "body": {}
    },
    "block7": {
        "head": {
            "previousBlockHash": "block6",
            "version": 1,
            "mrkleRoot": "mrkrtb7",
            "timestamp": "20240729112746536",
            "none": 1000,
            "difficulty": 30,
            "count": 0
        },
        "body": {}
    },
    "block8": {
        "head": {
            "previousBlockHash": "block7",
            "version": 1,
            "mrkleRoot": "mrkrtb8",
            "timestamp": "20240729112752213",
            "none": 1000,
            "difficulty": 30,
            "count": 0
        },
        "body": {}
    },
    "block9": {
        "head": {
            "previousBlockHash": "block8",
            "version": 1,
            "mrkleRoot": "mrkrtb9",
            "timestamp": "20240729112757898",
            "none": 1000,
            "difficulty": 30,
            "count": 0
        },
        "body": {}
    },
    "block10": {
        "head": {
            "previousBlockHash": "block9",
            "version": 1,
            "mrkleRoot": "mrkrtb10",
            "timestamp": "20240729112803578",
            "none": 1000,
            "difficulty": 30,
            "count": 0
        },
        "body": {}
    },
    "block11": {
        "head": {
            "previousBlockHash": "block10",
            "version": 1,
            "mrkleRoot": "mrkrtb11",
            "timestamp": "20240729112809263",
            "none": 1000,
            "difficulty": 30,
            "count": 0
        },
        "body": {}
    },
    "block12": {
        "head": {
            "previousBlockHash": "block11",
            "version": 1,
            "mrkleRoot": "mrkrtb12",
            "timestamp": "20240729112814941",
            "none": 1000,
            "difficulty": 30,
            "count": 0
        },
        "body": {}
    },
    "block13": {
        "head": {
            "previousBlockHash": "block12",
            "version": 1,
            "mrkleRoot": "mrkrtb13",
            "timestamp": "20240729112820623",
            "none": 1000,
            "difficulty": 30,
            "count": 2
        },
        "body": {
            "BTYz25mFl0hHdDNG": {
                "customer_ID": "U3",
                "customer_name": "user3",
                "customer_email": "user3@gmail.com",
                "customer_phone": "312567890",
                "customer_address": "33rd street king drive, chicago,illinois",
                "EQID": "E1003",
                "EqType": "router",
                "policy_num": "p954499",
                "start_date": "2024-07-29",
                "Finish_date": "2027-07-29",
                "TXID": "BTYz25mFl0hHdDNG"
            },
            "aGVrjrJaF8kZg6Rb": {
                "customer_ID": "U3",
                "customer_name": "user3",
                "customer_email": "user3@gmail.com",
                "customer_phone": "312567890",
                "customer_address": "33rd street king drive, chicago,illinois",
                "EQID": "E1007",
                "EqType": "modem",
                "policy_num": "p710127",
                "start_date": "2024-07-29",
                "Finish_date": "2027-07-29",
                "TXID": "aGVrjrJaF8kZg6Rb"
            }
        }
    },
    "block14": {
        "head": {
            "previousBlockHash": "block13",
            "version": 1,
            "mrkleRoot": "mrkrtb14",
            "timestamp": "20240729112826302",
            "none": 1000,
            "difficulty": 30,
            "count": 0
        },
        "body": {}
    },
    "block15": {
        "head": {
            "previousBlockHash": "block14",
            "version": 1,
            "mrkleRoot": "mrkrtb15",
            "timestamp": "20240729112831987",
            "none": 1000,
            "difficulty": 30,
            "count": 0
        },
        "body": {}
    },
    "block16": {
        "head": {
            "previousBlockHash": "block15",
            "version": 1,
            "mrkleRoot": "mrkrtb16",
            "timestamp": "20240729112837662",
            "none": 1000,
            "difficulty": 30,
            "count": 0
        },
        "body": {}
    },
    "block17": {
        "head": {
            "previousBlockHash": "block16",
            "version": 1,
            "mrkleRoot": "mrkrtb17",
            "timestamp": "20240729112843352",
            "none": 1000,
            "difficulty": 30,
            "count": 0
        },
        "body": {}
    },
    "block18": {
        "head": {
            "previousBlockHash": "block17",
            "version": 1,
            "mrkleRoot": "mrkrtb18",
            "timestamp": "20240729112849080",
            "none": 1000,
            "difficulty": 30,
            "count": 0
        },
        "body": {}
    },
    "block19": {
        "head": {
            "previousBlockHash": "block18",
            "version": 1,
            "mrkleRoot": "mrkrtb19",
            "timestamp": "20240729112854941",
            "none": 1000,
            "difficulty": 30,
            "count": 0
        },
        "body": {}
    },
    "block20": {
        "head": {
            "previousBlockHash": "block19",
            "version": 1,
            "mrkleRoot": "mrkrtb20",
            "timestamp": "20240729112900660",
            "none": 1000,
            "difficulty": 30,
            "count": 0
        },
        "body": {}
    },
    "block21": {
        "head": {
            "previousBlockHash": "block20",
            "version": 1,
            "mrkleRoot": "mrkrtb21",
            "timestamp": "20240729112906332",
            "none": 1000,
            "difficulty": 30,
            "count": 0
        },
        "body": {}
    },
    "block22": {
        "head": {
            "previousBlockHash": "block21",
            "version": 1,
            "mrkleRoot": "mrkrtb22",
            "timestamp": "20240729112911986",
            "none": 1000,
            "difficulty": 30,
            "count": 1
        },
        "body": {
            "ExPAcfIEwK8yY6TQ": {
                "serviceID": "s6038",
                "policyID": "p954499",
                "customer_name": "user3",
                "customer_phone": "312567890",
                "customer_email": "user3@gmail.com",
                "customer_address": "33rd street king drive, chicago,illinois",
                "technician_name": "",
                "technician_email": "",
                "technician_phone": "",
                "serviceRepairID": "SRU31159",
                "EqType": "router",
                "status": "pending",
                "rating": 0,
                "issue": "Not diagnosed",
                "openingDate": "2024-07-29",
                "closingDate": "2024-08-08",
                "EqId": "E1003",
                "description": "router is frequently disconnected",
                "previousHash": "",
                "TXID": "ExPAcfIEwK8yY6TQ"
            }
        }
    },
    "block23": {
        "head": {
            "previousBlockHash": "block22",
            "version": 1,
            "mrkleRoot": "mrkrtb23",
            "timestamp": "20240729112917706",
            "none": 1000,
            "difficulty": 30,
            "count": 0
        },
        "body": {}
    },
    "block24": {
        "head": {
            "previousBlockHash": "block23",
            "version": 1,
            "mrkleRoot": "mrkrtb24",
            "timestamp": "20240729112923371",
            "none": 1000,
            "difficulty": 30,
            "count": 0
        },
        "body": {}
    },
    "block25": {
        "head": {
            "previousBlockHash": "block24",
            "version": 1,
            "mrkleRoot": "mrkrtb25",
            "timestamp": "20240729112929038",
            "none": 1000,
            "difficulty": 30,
            "count": 0
        },
        "body": {}
    },
    "block26": {
        "head": {
            "previousBlockHash": "block25",
            "version": 1,
            "mrkleRoot": "mrkrtb26",
            "timestamp": "20240729112934689",
            "none": 1000,
            "difficulty": 30,
            "count": 0
        },
        "body": {}
    },
    "block27": {
        "head": {
            "previousBlockHash": "block26",
            "version": 1,
            "mrkleRoot": "mrkrtb27",
            "timestamp": "20240729112940374",
            "none": 1000,
            "difficulty": 30,
            "count": 0
        },
        "body": {}
    },
    "block28": {
        "head": {
            "previousBlockHash": "block27",
            "version": 1,
            "mrkleRoot": "mrkrtb28",
            "timestamp": "20240729112946030",
            "none": 1000,
            "difficulty": 30,
            "count": 0
        },
        "body": {}
    },
    "block29": {
        "head": {
            "previousBlockHash": "block28",
            "version": 1,
            "mrkleRoot": "mrkrtb29",
            "timestamp": "20240729112951673",
            "none": 1000,
            "difficulty": 30,
            "count": 1
        },
        "body": {
            "L7EJXbcO7l5rvJYn": {
                "serviceID": "s6038",
                "policyID": "p954499",
                "customer_name": "user3",
                "customer_phone": "312567890",
                "customer_email": "user3@gmail.com",
                "customer_address": "33rd street king drive, chicago,illinois",
                "technician_name": "tech3",
                "technician_email": "tech3@example.com",
                "technician_phone": "5553334444",
                "serviceRepairID": "SRU31159",
                "EqType": "router",
                "status": "ongoing",
                "rating": 0,
                "issue": "Not diagnosed",
                "openingDate": "2024-07-29",
                "closingDate": "2024-08-08",
                "EqId": "E1003",
                "description": "router is frequently disconnected",
                "previousHash": "ExPAcfIEwK8yY6TQ",
                "TXID": "L7EJXbcO7l5rvJYn"
            }
        }
    },
    "block30": {
        "head": {
            "previousBlockHash": "block29",
            "version": 1,
            "mrkleRoot": "mrkrtb30",
            "timestamp": "20240729112957341",
            "none": 1000,
            "difficulty": 30,
            "count": 0
        },
        "body": {}
    },
    "block31": {
        "head": {
            "previousBlockHash": "block30",
            "version": 1,
            "mrkleRoot": "mrkrtb31",
            "timestamp": "20240729113003041",
            "none": 1000,
            "difficulty": 30,
            "count": 0
        },
        "body": {}
    },
    "block32": {
        "head": {
            "previousBlockHash": "block31",
            "version": 1,
            "mrkleRoot": "mrkrtb32",
            "timestamp": "20240729113008700",
            "none": 1000,
            "difficulty": 30,
            "count": 0
        },
        "body": {}
    },
    "block33": {
        "head": {
            "previousBlockHash": "block32",
            "version": 1,
            "mrkleRoot": "mrkrtb33",
            "timestamp": "20240729113014352",
            "none": 1000,
            "difficulty": 30,
            "count": 0
        },
        "body": {}
    },
    "block34": {
        "head": {
            "previousBlockHash": "block33",
            "version": 1,
            "mrkleRoot": "mrkrtb34",
            "timestamp": "20240729113020029",
            "none": 1000,
            "difficulty": 30,
            "count": 0
        },
        "body": {}
    },
    "block35": {
        "head": {
            "previousBlockHash": "block34",
            "version": 1,
            "mrkleRoot": "mrkrtb35",
            "timestamp": "20240729113025741",
            "none": 1000,
            "difficulty": 30,
            "count": 1
        },
        "body": {
            "bgizZ0nsz7kqfOqr": {
                "order_id": "order_1",
                "technicianId": "tech3",
                "serviceRepairId": "SRU31159",
                "equipmentType": "router",
                "partsList": [
                    {
                        "part": "antena",
                        "count": "2"
                    }
                ],
                "orderedDate": "2024-07-29",
                "status": "ordered",
                "deliveryDate": "2024-08-05",
                "TXID": "bgizZ0nsz7kqfOqr"
            }
        }
    },
    "block36": {
        "head": {
            "previousBlockHash": "block35",
            "version": 1,
            "mrkleRoot": "mrkrtb36",
            "timestamp": "20240729113031392",
            "none": 1000,
            "difficulty": 30,
            "count": 0
        },
        "body": {}
    },
    "block37": {
        "head": {
            "previousBlockHash": "block36",
            "version": 1,
            "mrkleRoot": "mrkrtb37",
            "timestamp": "20240729113037070",
            "none": 1000,
            "difficulty": 30,
            "count": 0
        },
        "body": {}
    },
    "block38": {
        "head": {
            "previousBlockHash": "block37",
            "version": 1,
            "mrkleRoot": "mrkrtb38",
            "timestamp": "20240729113042756",
            "none": 1000,
            "difficulty": 30,
            "count": 1
        },
        "body": {
            "pcFW1l42GjnkvBII": {
                "serviceID": "s6038",
                "policyID": "p954499",
                "customer_name": "user3",
                "customer_phone": "312567890",
                "customer_email": "user3@gmail.com",
                "customer_address": "33rd street king drive, chicago,illinois",
                "technician_name": "tech3",
                "technician_email": "tech3@example.com",
                "technician_phone": "5553334444",
                "serviceRepairID": "SRU31159",
                "EqType": "router",
                "status": "completed",
                "rating": 0,
                "issue": "Not diagnosed",
                "openingDate": "2024-07-29",
                "closingDate": "2024-08-08",
                "EqId": "E1003",
                "description": "router is frequently disconnected",
                "previousHash": "L7EJXbcO7l5rvJYn",
                "TXID": "pcFW1l42GjnkvBII"
            }
        }
    },
    "block39": {
        "head": {
            "previousBlockHash": "block38",
            "version": 1,
            "mrkleRoot": "mrkrtb39",
            "timestamp": "20240729113048412",
            "none": 1000,
            "difficulty": 30,
            "count": 1
        },
        "body": {
            "26U3uA56fPiFGIOT": {
                "serviceID": "s6038",
                "policyID": "p954499",
                "customer_name": "user3",
                "customer_phone": "312567890",
                "customer_email": "user3@gmail.com",
                "customer_address": "33rd street king drive, chicago,illinois",
                "technician_name": "tech3",
                "technician_email": "tech3@example.com",
                "technician_phone": "5553334444",
                "serviceRepairID": "SRU31159",
                "EqType": "router",
                "status": "completed",
                "rating": 0,
                "issue": "testing",
                "openingDate": "2024-07-29",
                "closingDate": "2024-08-08",
                "EqId": "E1003",
                "description": "router is frequently disconnected",
                "previousHash": "pcFW1l42GjnkvBII",
                "TXID": "26U3uA56fPiFGIOT"
            }
        }
    },
    "block40": {
        "head": {
            "previousBlockHash": "block39",
            "version": 1,
            "mrkleRoot": "mrkrtb40",
            "timestamp": "20240729113054089",
            "none": 1000,
            "difficulty": 30,
            "count": 0
        },
        "body": {}
    },
    "block41": {
        "head": {
            "previousBlockHash": "block40",
            "version": 1,
            "mrkleRoot": "mrkrtb41",
            "timestamp": "20240729113059741",
            "none": 1000,
            "difficulty": 30,
            "count": 1
        },
        "body": {
            "xCDPOy5qcQFnSujh": {
                "serviceID": "s6038",
                "policyID": "p954499",
                "customer_name": "user3",
                "customer_phone": "312567890",
                "customer_email": "user3@gmail.com",
                "customer_address": "33rd street king drive, chicago,illinois",
                "technician_name": "tech3",
                "technician_email": "tech3@example.com",
                "technician_phone": "5553334444",
                "serviceRepairID": "SRU31159",
                "EqType": "router",
                "status": "completed",
                "rating": "5",
                "issue": "testing",
                "openingDate": "2024-07-29",
                "closingDate": "2024-08-08",
                "EqId": "E1003",
                "description": "router is frequently disconnected",
                "previousHash": "26U3uA56fPiFGIOT",
                "TXID": "xCDPOy5qcQFnSujh"
            }
        }
    },
    "block42": {
        "head": {
            "previousBlockHash": "block41",
            "version": 1,
            "mrkleRoot": "mrkrtb42",
            "timestamp": "20240729113105421",
            "none": 1000,
            "difficulty": 30,
            "count": 0
        },
        "body": {}
    },
    "block43": {
        "head": {
            "previousBlockHash": "block42",
            "version": 1,
            "mrkleRoot": "mrkrtb43",
            "timestamp": "20240729113111076",
            "none": 1000,
            "difficulty": 30,
            "count": 0
        },
        "body": {}
    }
}